Alloy,e/a,delta_r,delta_X,delta_H,Omega,sws,B,c11,c12,c,c44,BV,GV,EV,vV,BR,GR,ER,vR,BH,GH,EH,vH,AVR
CrNbWVZr,4.8,0.084988097,0.075954443,-4.704,6.361600876,2.971,163.66,271.89,109.55,81.17,51.5,163.66,63.37,168.38,0.33,163.66,60.32,161.16,0.34,163.66,61.84,164.78,0.33,0.02
MoTiWVZr,5,0.08650733,0.164386875,-5.84,5.191043122,2.997,161.4,259.71,112.25,73.73,60.63,161.4,65.87,173.95,0.32,161.4,65.27,172.55,0.32,161.4,65.57,173.25,0.32,0
CrTaTiWZr,4.6,0.093698541,0.10061659,-6.176,4.739634751,3.015,156.22,244.66,112,66.33,66.33,156.22,66.33,174.32,0.31,156.22,66.33,174.32,0.31,156.22,66.33,174.32,0.31,0
MoTaTiVZr,4.8,0.084988097,0.076054891,-4.912,6.386421852,3.032,143.35,218.78,105.63,56.58,58.09,143.35,57.49,152.13,0.32,143.35,57.48,152.11,0.32,143.35,57.48,152.12,0.32,0
CrTaWVZr,5,0.086003653,0.204056646,-6.672,4.864201791,2.978,168.83,274.4,116.05,79.18,61.39,168.83,68.5,181.02,0.32,168.83,67.45,178.57,0.32,168.83,67.97,179.8,0.32,0.01
MoNbTiWV,5.2,0.053632841,0.13069562,-4.208,7.599874444,2.959,189.08,313.5,126.87,93.31,64.08,189.08,75.77,200.53,0.32,189.08,73.26,194.64,0.33,189.08,74.52,197.59,0.33,0.02
NbTaWVZr,4.8,0.07674167,0.083598936,-3.968,7.796513118,3.05,162.25,255.13,115.81,69.66,61.61,162.25,64.83,171.64,0.32,162.25,64.6,171.09,0.32,162.25,64.72,171.36,0.32,0
MoNbTaTiW,5,0.056592797,0.036894676,-3.792,8.711678261,3.013,192.13,314.5,130.95,91.78,72.6,192.13,80.27,211.38,0.32,192.13,79.22,208.95,0.32,192.13,79.75,210.16,0.32,0.01
MoNbTiVZr,5.2,0.053594331,0.172699094,-4.992,6.834642263,3.026,138.07,215.53,99.34,58.09,47.6,138.07,51.8,138.13,0.33,138.07,51.31,136.96,0.33,138.07,51.56,137.55,0.33,0
MoNbTaTiZr,5,0.077515721,0.1694974,-4.752,6.592442206,3.081,145.02,222.09,106.49,57.8,57.74,145.02,57.77,152.99,0.32,145.02,57.77,152.99,0.32,145.02,57.77,152.99,0.32,0
MoNbTaWZr,5.2,0.053632841,0.14027868,-4.096,8.160499335,3.061,179.39,294.85,121.65,86.6,64.69,179.39,73.45,193.89,0.32,179.39,71.97,190.44,0.32,179.39,72.71,192.17,0.32,0.01
NbTaTiWZr,5.4,0.048460525,0.174891656,-3.216,10.73048989,3.086,152.7,229.55,114.27,57.64,66.75,152.7,63.11,166.4,0.32,152.7,62.78,165.65,0.32,152.7,62.95,166.02,0.32,0
MoTaTiWV,4.8,0.07674167,0.083262806,-4.144,7.814116232,2.965,193.52,315.2,132.68,91.26,74.06,193.52,80.94,213.11,0.32,193.52,80.1,211.16,0.32,193.52,80.52,212.14,0.32,0.01
TaTiWVZr,5,0.077082563,0.208663485,-5.504,6.080223088,3.039,150.84,225.68,113.42,56.13,67.7,150.84,63.07,166.07,0.32,150.84,62.54,164.84,0.32,150.84,62.81,165.46,0.32,0
CrMoNbTaTi,5.2,0.053594331,0.182036547,-4.864,7.311609332,2.967,174.83,289.31,117.59,85.86,59.83,174.83,70.24,185.84,0.32,174.83,68.09,180.79,0.33,174.83,69.16,183.32,0.33,0.02
CrMoTaTiZr,4.8,0.067184433,0.166322854,-2.592,12.28437911,3.007,148.78,238.01,104.16,66.92,57.23,148.78,61.11,161.24,0.32,148.78,60.75,160.41,0.32,148.78,60.93,160.83,0.32,0
CrNbTaTiW,4.4,0.067580598,0.093331333,0.16,192.483769,2.975,182.13,295.1,125.65,84.73,68.56,182.13,75.03,197.91,0.32,182.13,74.23,196.04,0.32,182.13,74.63,196.98,0.32,0.01
CrNbTiWV,4.6,0.061947983,0.069251039,0.384,85.66542435,2.914,181.02,297.92,122.57,87.67,59.5,181.02,70.77,187.84,0.33,181.02,68.28,181.96,0.33,181.02,69.53,184.9,0.33,0.02
CrTiWVZr,4.8,0.066097605,0.206886185,-3.936,8.632970824,2.952,152.87,244.03,107.29,68.37,57.41,152.87,61.79,163.37,0.32,152.87,61.34,162.31,0.32,152.87,61.57,162.84,0.32,0
MoNbTiWZr,4.6,0.074681249,0.194760087,-3.456,9.024341536,3.047,161.26,260.67,111.55,74.56,60.25,161.26,65.97,174.16,0.32,161.26,65.26,172.5,0.32,161.26,65.61,173.33,0.32,0.01
NbTaTiWV,4.8,0.067184433,0.172415626,-2.752,12.09529225,2.999,175.57,273.74,126.49,73.63,68.74,175.57,70.7,186.99,0.32,175.57,70.62,186.8,0.32,175.57,70.66,186.9,0.32,0
CrMoNbTaV,5,0.069998725,0.216189095,-4.992,6.88503495,2.932,189.46,328.92,119.74,104.59,59.25,189.46,77.38,204.33,0.32,189.46,71.68,190.95,0.33,189.46,74.53,197.67,0.33,0.04
CrMoTaTiW,4.4,0.067580598,0.086312241,-0.288,111.9532523,2.943,202.43,344.07,131.6,106.23,78.56,202.43,89.63,234.31,0.31,202.43,87.7,229.9,0.31,202.43,88.67,232.11,0.31,0.01
CrMoTiVZr,4.6,0.073386823,0.235708632,-4.768,6.98959456,2.94,145.91,238.39,99.67,69.36,47.09,145.91,56,148.94,0.33,145.91,54.03,144.28,0.34,145.91,55.01,146.62,0.33,0.02
CrNbTiVZr,4.8,0.066097605,0.213823945,-4.08,8.682477151,2.98,129.21,199.7,93.97,52.87,44.47,129.21,47.83,127.73,0.34,129.21,47.49,126.92,0.34,129.21,47.66,127.33,0.34,0
MoNbTaTiV,4.8,0.058010889,0.171302878,-1.936,16.96937199,2.991,167.55,266.27,118.19,74.04,58.63,167.55,64.79,172.18,0.33,167.55,63.95,170.2,0.33,167.55,64.37,171.19,0.33,0.01
MoNbWVZr,5,0.035449247,0.143117733,-2.32,15.06501038,3.012,172.94,289.7,114.56,87.57,55.97,172.94,68.61,181.78,0.32,172.94,65.41,174.26,0.33,172.94,67.01,178.03,0.33,0.02
NbTaTiVZr,5.2,0.034330093,0.180583139,-4,9.008668576,3.071,129.48,185.49,101.47,42.01,57.62,129.48,51.38,136.12,0.32,129.48,50.16,133.28,0.33,129.48,50.77,134.7,0.33,0.01
CrMoNbTiW,4.6,0.053033869,0.076754764,0.72,47.09321734,2.937,196.06,342.4,122.9,109.75,70.87,196.06,86.42,226.06,0.31,196.06,82.57,217.22,0.32,196.06,84.5,221.65,0.31,0.02
CrMoNbWZr,4.8,0.056901719,0.21139043,-3.2,10.93467709,2.991,180,320.53,109.74,105.39,64.21,180,80.69,210.59,0.31,180,76.11,200.12,0.31,180,78.4,205.38,0.31,0.03
CrMoTiWV,5,0.034404556,0.185530082,-3.6,10.30252406,2.881,204.28,352.17,130.33,110.92,71.29,204.28,87.14,228.88,0.31,204.28,83.18,219.72,0.32,204.28,85.16,224.31,0.32,0.02
CrNbTaWZr,4.8,0.058010889,0.177121771,-2.064,16.61716947,3.028,167.87,273.21,115.21,79,60.26,167.87,67.76,179.17,0.32,167.87,66.58,176.41,0.32,167.87,67.17,177.79,0.32,0.01
CrTaTiVZr,5,0.060327307,0.221029825,-3.904,9.062932378,2.988,133.87,201.92,99.85,51.04,55.72,133.87,53.85,142.44,0.32,133.87,53.75,142.21,0.32,133.87,53.8,142.33,0.32,0
MoNbTaVZr,5.2,0.034330093,0.191969482,-3.824,9.801204999,3.044,154.66,247.53,108.23,69.65,52.05,154.66,59.09,157.24,0.33,154.66,57.9,154.44,0.33,154.66,58.5,155.84,0.33,0.01
MoTaWVZr,4.8,0.056901719,0.218130918,-3.312,11.00123802,3.017,178.46,292.73,121.33,85.7,65.17,178.46,73.38,193.61,0.32,178.46,72.08,190.58,0.32,178.46,72.73,192.1,0.32,0.01
CrMoNbTiZr,5,0.080949759,0.165589204,-5.776,5.511267681,3,143.61,235.11,97.86,68.63,47.14,143.61,55.74,148.06,0.33,143.61,53.89,143.7,0.33,143.61,54.81,145.88,0.33,0.02
CrMoTaWZr,4.6,0.083822311,0.097575068,-4.224,7.289151164,2.996,184.96,319.93,117.48,101.22,70.47,184.96,82.77,216.08,0.31,184.96,80.22,210.26,0.31,184.96,81.49,213.18,0.31,0.02
CrNbTaTiZr,4.8,0.077561136,0.073394495,-3.776,8.709611873,3.045,133.86,201.99,99.79,51.1,54.73,133.86,53.28,141.12,0.32,133.86,53.22,140.97,0.32,133.86,53.25,141.04,0.32,0
CrTaTiWV,5,0.08017042,0.205649798,-6.896,4.926239072,2.921,185.64,299.65,128.63,85.51,70.53,185.64,76.52,201.84,0.32,185.64,75.85,200.27,0.32,185.64,76.19,201.05,0.32,0
MoNbTaWV,4.8,0.088966686,0.194633363,-6.784,4.596122616,2.981,205.38,348,134.07,106.97,68.73,205.38,84.03,221.83,0.32,205.38,80.2,212.89,0.33,205.38,82.11,217.37,0.32,0.02
MoTaTiWZr,5,0.080949759,0.171914197,-5.856,5.68275542,3.051,166.67,264.05,117.98,73.04,69.61,166.67,70.98,186.47,0.31,166.67,70.94,186.38,0.31,166.67,70.96,186.43,0.31,0
CrMoNbTaW,5.2,0.082528078,0.214091071,-6.896,4.982898195,2.963,216.54,395.56,127.03,134.27,85.51,216.54,105.01,271.2,0.29,216.54,100.04,260.07,0.3,216.54,102.53,265.66,0.3,0.02
CrMoNbTaZr,4.6,0.083822311,0.09167966,-4.592,7.019709959,3.022,160.27,266.92,106.95,79.98,52.56,160.27,63.53,168.35,0.32,160.27,60.91,162.19,0.33,160.27,62.22,165.28,0.33,0.02
CrMoNbTiV,4.8,0.087978113,0.234940434,-7.872,4.232515033,2.902,174.58,293.77,114.99,89.39,49.69,174.58,65.57,174.83,0.33,174.58,60.43,162.53,0.34,174.58,63,168.7,0.34,0.04
CrMoNbWV,5,0.08017042,0.21275912,-6.96,5.088574462,2.906,216.17,401.23,123.64,138.79,81.05,216.17,104.15,269.21,0.29,216.17,97.23,253.66,0.3,216.17,100.69,261.47,0.3,0.03
CrMoNbVZr,5,0.07274259,0.170629181,-4.928,6.664909833,2.962,156.28,266.93,100.96,82.98,43.46,156.28,59.27,157.86,0.33,156.28,53.69,144.52,0.35,156.28,56.48,151.22,0.34,0.05
CrMoTaTiV,5.2,0.053213736,0.141962126,-5.088,6.867687809,2.911,179,294.88,121.05,86.91,60.47,179,71.05,188.24,0.32,179,68.85,183.08,0.33,179,69.95,185.67,0.33,0.02
CrMoTaWV,5.4,0.050999579,0.177917574,-5.568,6.470302763,2.911,221.05,401.12,131.02,135.05,86.55,221.05,105.95,274.07,0.29,221.05,101.07,263.11,0.3,221.05,103.51,268.61,0.3,0.02
CrMoTaVZr,4.8,0.069886828,0.080682683,-3.248,10.43691132,2.969,161.6,268.74,108.02,80.36,52.79,161.6,63.81,169.17,0.33,161.6,61.18,162.98,0.33,161.6,62.5,166.08,0.33,0.02
CrMoTiWZr,5,0.072001502,0.210202578,-5.968,5.861752375,2.974,168.22,282.75,110.95,85.9,62.76,168.22,72.01,189.06,0.31,168.22,70.34,185.2,0.32,168.22,71.18,187.13,0.31,0.01
CrNbTaWV,5.2,0.052743627,0.183976409,-6.144,6.035328465,2.941,196.63,330.15,129.87,100.14,65.12,196.63,79.13,209.3,0.32,196.63,75.71,201.29,0.33,196.63,77.42,205.31,0.33,0.02
CrNbTaVZr,5,0.07274259,0.176674719,-4.976,6.891038841,3.005,144.45,229.12,102.11,63.5,48.16,144.45,54.3,144.75,0.33,144.45,53.31,142.41,0.34,144.45,53.8,143.58,0.33,0.01
CrNbTiWZr,5.2,0.073700984,0.218985235,-5.616,6.29872854,3.009,150.87,241.51,105.55,67.98,56.27,150.87,60.95,161.16,0.32,150.87,60.43,159.95,0.32,150.87,60.69,160.55,0.32,0
CrMoWVZr,5.4,0.050999579,0.189528774,-5.312,7.054175338,2.939,182.32,323.12,111.92,105.6,64.46,182.32,80.92,211.46,0.31,182.32,76.36,201.02,0.32,182.32,78.64,206.26,0.31,0.03
CrNbTaTiV,5,0.072001502,0.21711103,-6,6.071345298,2.946,159.27,250.44,113.68,68.38,54.63,159.27,60.13,160.23,0.33,159.27,59.41,158.52,0.33,159.27,59.77,159.38,0.33,0.01
NbTiWVZr,4.6,0.05936725,0.195179394,-1.584,20.64742086,3.033,145.53,222.58,107,57.79,57.36,145.53,57.53,152.5,0.33,145.53,57.53,152.49,0.33,145.53,57.53,152.49,0.33,0
HfCrMoNbTa,4.8,0.054432899,0.173235345,-1.696,20.52101094,3.019,174.97,282.45,121.23,80.61,62.66,174.97,69.84,184.92,0.32,174.97,68.79,182.45,0.33,174.97,69.31,183.69,0.33,0.01
HfCrMoNbV,5,0.059719973,0.218496222,-5.296,6.776337758,2.961,174.07,284.34,118.94,82.7,53.32,174.07,65.07,173.59,0.33,174.07,62.15,166.63,0.34,174.07,63.61,170.12,0.34,0.02
HfCrMoTaW,4.4,0.048006482,0.081330099,2.656,12.71081587,2.994,197.75,330.63,131.31,99.66,78.69,197.75,87.08,227.8,0.31,197.75,85.92,225.15,0.31,197.75,86.5,226.48,0.31,0.01
HfCrMoTiW,4.6,0.057477839,0.236712663,-3.184,10.94339735,2.972,183.93,298.38,126.7,85.84,72.09,183.93,77.59,204.07,0.32,183.93,77.02,202.77,0.32,183.93,77.31,203.42,0.32,0
HfCrMoWV,4.8,0.052773002,0.215137305,-3.312,11.15395443,2.938,197.69,335.12,128.98,103.07,72.3,197.69,84.61,222.14,0.31,197.69,82.11,216.37,0.32,197.69,83.36,219.26,0.32,0.02
HfCrNbTaTi,4.6,0.05936725,0.198741902,-1.904,17.93626484,3.041,149.87,219.74,114.93,52.41,64.25,149.87,59.51,157.67,0.32,149.87,58.92,156.29,0.33,149.87,59.22,156.98,0.33,0
HfCrNbTiW,4.8,0.066381077,0.252441692,-5.664,6.220780097,3.006,165.7,256.83,120.13,68.35,66.02,165.7,66.95,177.02,0.32,165.7,66.94,176.98,0.32,165.7,66.95,177,0.32,0
HfCrNbWV,5,0.059719973,0.22766665,-5.312,7.027977858,2.97,180.31,288.76,126.09,81.34,61.96,180.31,69.71,185.26,0.33,180.31,68.49,182.37,0.33,180.31,69.1,183.82,0.33,0.01
HfCrNbVZr,4.6,0.057477839,0.241786523,-3.488,10.40393084,3.038,133.89,201.28,100.19,50.55,50,133.89,50.22,133.91,0.33,133.89,50.21,133.9,0.33,133.89,50.21,133.9,0.33,0
HfCrTaWV,4.8,0.044732951,0.177880629,-1.248,28.69809943,2.976,184.73,290.69,131.74,79.48,72.16,184.73,75.08,198.38,0.32,184.73,74.92,197.99,0.32,184.73,75,198.18,0.32,0
HfCrTiWV,5,0.050015122,0.22328124,-4.448,8.295656092,2.952,166.29,257.08,120.9,68.09,66.93,166.29,67.39,178.12,0.32,166.29,67.39,178.1,0.32,166.29,67.39,178.11,0.32,0
HfCrTiVZr,5.2,0.025568182,0.194629561,-5.184,7.52260768,3.021,120.91,171.58,95.58,38,56.22,120.91,48.93,129.35,0.32,120.91,47.18,125.24,0.33,120.91,48.06,127.3,0.32,0.02
HfMoNbTaW,4.8,0.04288446,0.219396234,-2.784,13.63271933,3.057,194.14,310.77,135.83,87.47,75.16,194.14,80.09,211.22,0.32,194.14,79.65,210.2,0.32,194.14,79.87,210.71,0.32,0
HfMoNbTiW,5,0.050015122,0.232253474,-4.432,8.651672363,3.043,177.18,277.88,126.82,75.53,70.13,177.18,72.29,190.9,0.32,177.18,72.19,190.68,0.32,177.18,72.24,190.79,0.32,0
HfMoNbWV,5.2,0.08565436,0.160571047,-5.36,6.05983509,3.01,187.04,304.19,128.46,87.86,66.18,187.04,74.85,198.12,0.32,187.04,73.42,194.78,0.33,187.04,74.14,196.45,0.32,0.01
HfMoTaTiW,4.8,0.093835626,0.103569854,-4.768,6.593332313,3.047,182.43,280.82,133.23,73.79,79.45,182.43,77.19,202.94,0.31,182.43,77.09,202.71,0.31,182.43,77.14,202.83,0.31,0
HfMoTiWV,5,0.084466759,0.077568937,-4.32,7.7627612,2.995,175.73,274.39,126.4,74,70.29,175.73,71.77,189.52,0.32,175.73,71.73,189.41,0.32,175.73,71.75,189.47,0.32,0
HfMoWVZr,5.2,0.085193876,0.199794233,-6.272,5.519607557,3.047,165.35,259.76,118.15,70.8,64.42,165.35,66.97,177.02,0.32,165.35,66.83,176.68,0.32,165.35,66.9,176.85,0.32,0
HfNbTaTiV,5,0.096941271,0.191675919,-6.272,5.074574263,3.065,145.56,202.79,116.94,42.93,66.37,145.56,56.99,151.23,0.33,145.56,54.47,145.28,0.33,145.56,55.73,148.26,0.33,0.02
HfNbTaWZr,5.2,0.08565436,0.167635287,-5.344,6.348400018,3.127,162.53,238.86,124.36,57.25,72.76,162.53,66.55,175.68,0.32,162.53,65.64,173.57,0.32,162.53,66.1,174.62,0.32,0.01
HfNbTiWZr,5.4,0.085372038,0.205950995,-5.216,6.711982344,3.116,147.19,208.78,116.4,46.19,67.49,147.19,58.97,156.06,0.32,147.19,56.98,151.4,0.33,147.19,57.97,153.74,0.33,0.02
HfTaTiWV,4.8,0.093835626,0.100003269,-5.04,6.52423454,3.033,163.56,239.1,125.79,56.66,77.11,163.56,68.93,181.32,0.32,163.56,67.38,177.74,0.32,163.56,68.16,179.53,0.32,0.01
HfTaWVZr,5,0.096249857,0.2306289,-7.152,4.749159997,3.085,158.17,231.31,121.59,54.86,72.18,158.17,65.25,172.1,0.32,158.17,64.09,169.39,0.32,158.17,64.67,170.74,0.32,0.01
HfCrMoNbTi,5.2,0.085193876,0.207446642,-6.24,5.779505162,2.998,158.17,250.61,111.94,69.34,56.93,158.17,61.89,164.26,0.33,158.17,61.32,162.91,0.33,158.17,61.61,163.58,0.33,0
HfCrMoTaTi,5.2,0.076275394,0.165858535,-4.336,7.724241146,3.004,163.54,253.56,118.53,67.52,66.84,163.54,67.11,177.11,0.32,163.54,67.11,177.11,0.32,163.54,67.11,177.11,0.32,0
HfCrMoTaV,5.4,0.050461978,0.13528883,-4.496,7.916020802,2.968,174.08,281.28,120.47,80.4,63.09,174.08,70.02,185.22,0.32,174.08,69.04,182.93,0.32,174.08,69.53,184.07,0.32,0.01
HfCrMoTiV,5.6,0.044228458,0.167704583,-3.808,9.630850771,2.941,163.83,256.04,117.73,69.15,56.69,163.83,61.68,164.4,0.33,163.83,61.1,163.02,0.33,163.83,61.39,163.71,0.33,0
HfCrMoWZr,5,0.075890056,0.084914579,-3.616,9.553850087,3.026,169.86,278.46,115.56,81.45,65.45,169.86,71.85,188.92,0.31,169.86,71.03,187.03,0.32,169.86,71.44,187.98,0.32,0.01
HfCrNbTaW,5.2,0.07589145,0.204527931,-5.168,6.894460551,3.025,182.22,288.51,129.07,79.72,70.76,182.22,74.34,196.33,0.32,182.22,74.09,195.74,0.32,182.22,74.22,196.03,0.32,0
HfCrNbTaZr,5.4,0.050516365,0.176976881,-5.344,7.060009738,3.094,142.92,210.31,109.23,50.54,60.65,142.92,56.61,150.02,0.33,142.92,56.16,148.96,0.33,142.92,56.38,149.49,0.33,0
HfCrNbTiZr,5.2,0.076275394,0.172615594,-4.288,8.147724633,3.078,125.47,178.55,98.92,39.82,56.03,125.47,49.54,131.34,0.33,125.47,48.18,128.14,0.33,125.47,48.86,129.74,0.33,0.01
HfCrTaTiW,5.4,0.075097649,0.211043074,-3.76,9.580131233,3.01,171.98,261.3,127.32,66.99,76.23,171.98,72.54,190.79,0.32,171.98,72.25,190.12,0.32,171.98,72.39,190.45,0.32,0
HfCrTaTiZr,5.6,0.044228458,0.180131167,-3.456,11.02992284,3.084,130.83,181.26,105.61,37.82,65.28,130.83,54.3,143.1,0.32,130.83,50.59,134.44,0.33,130.83,52.44,138.79,0.32,0.04
HfCrTaVZr,5.2,0.07589145,0.211963202,-5.104,7.26404893,3.044,139.01,203.82,106.6,48.61,60.46,139.01,55.72,147.46,0.32,139.01,55.09,145.98,0.32,139.01,55.4,146.72,0.32,0.01
HfCrWVZr,4.8,0.075289861,0.192626241,-2.432,13.71428807,3.009,153.91,239.74,110.99,64.37,60.8,153.91,62.23,164.51,0.32,153.91,62.18,164.4,0.32,153.91,62.2,164.46,0.32,0
HfMoNbTaV,5,0.06708084,0.169383962,-2.544,13.93524706,3.041,169.99,264.38,122.8,70.79,63.2,169.99,66.24,175.87,0.33,169.99,66.03,175.39,0.33,169.99,66.13,175.63,0.33,0
HfMoNbTiV,5.2,0.06956842,0.210654925,-4.976,7.342266624,3.023,153.83,232.64,114.43,59.11,57.23,153.83,57.98,154.52,0.33,153.83,57.96,154.49,0.33,153.83,57.97,154.5,0.33,0
HfMoNbWZr,4.6,0.068581542,0.092091104,0.848,40.57495389,3.091,169.09,266.08,120.59,72.74,65.15,169.09,68.18,180.32,0.32,169.09,67.99,179.85,0.32,169.09,68.08,180.08,0.32,0
HfMoTaTiV,4.8,0.074048527,0.232694248,-3.824,9.281226755,3.028,159,235.4,120.81,57.3,67.4,159,63.36,167.79,0.32,159,62.96,166.85,0.33,159,63.16,167.32,0.32,0
HfMoTaWV,5,0.06604598,0.210136599,-3.952,9.511521009,3.014,192.15,306.91,134.77,86.07,75.64,192.15,79.81,210.32,0.32,192.15,79.49,209.58,0.32,192.15,79.65,209.95,0.32,0
HfMoTaVZr,4.8,0.075289861,0.196848253,-2.656,13.10176288,3.081,150.87,224.69,113.95,55.37,63.35,150.87,60.16,159.31,0.32,150.87,59.9,158.69,0.32,150.87,60.03,159,0.32,0
HfMoTiVZr,5,0.079481547,0.246040031,-5.248,6.837296574,3.065,135.04,193.94,105.59,44.18,58.4,135.04,52.71,139.93,0.33,135.04,51.74,137.64,0.33,135.04,52.23,138.79,0.33,0.01
HfNbTaTiZr,5.2,0.06956842,0.220326816,-4.896,7.75740448,3.153,134.47,178.15,112.63,32.76,69.15,134.47,54.59,144.26,0.32,134.47,47.88,128.39,0.34,134.47,51.24,136.39,0.33,0.07
HfNbTaVZr,4.8,0.074048527,0.238248776,-4.032,9.160849386,3.117,140.66,196.91,112.54,42.18,63.44,140.66,54.94,145.82,0.33,140.66,52.8,140.78,0.33,140.66,53.87,143.3,0.33,0.02
HfNbTiVZr,5,0.05755723,0.174239912,-1.92,18.99107398,3.105,123.23,165.52,102.08,31.72,59.8,123.23,48.57,128.78,0.33,123.23,44.16,118.34,0.34,123.23,46.36,123.59,0.33,0.05
HfTaTiWZr,5.2,0.059489749,0.215625386,-3.952,9.500686299,3.12,151.96,210.88,122.5,44.19,76.34,151.96,63.48,167.17,0.32,151.96,59.13,157.03,0.33,151.96,61.31,162.12,0.32,0.04
HfTiWVZr,5.4,0.030835421,0.18561882,-4.688,8.456662152,3.071,141.46,199.22,112.58,43.32,67.28,141.46,57.7,152.38,0.32,141.46,55.09,146.29,0.33,141.46,56.4,149.34,0.32,0.02
HfCrMoNbW,5,0.056504387,0.214554363,-3.248,11.88458268,2.99,192.3,330.2,123.34,103.43,71.74,192.3,84.42,220.92,0.31,192.3,81.76,214.84,0.31,192.3,83.09,217.89,0.31,0.02
HfCrMoNbZr,5.2,0.059489749,0.225077968,-3.84,10.15412653,3.053,148.87,236.78,104.92,65.93,52.28,148.87,57.74,153.39,0.33,148.87,57,151.65,0.33,148.87,57.37,152.52,0.33,0.01
HfCrMoTaZr,5,0.08925705,0.192366175,-5.824,5.725467046,3.058,154.32,240.12,111.42,64.35,61.74,154.32,62.78,165.86,0.32,154.32,62.76,165.8,0.32,154.32,62.77,165.83,0.32,0
HfCrMoTiZr,5.2,0.080585118,0.168741901,-5.712,6.205049018,3.039,138.25,209.31,102.72,53.3,56.31,138.25,55.1,145.92,0.32,138.25,55.06,145.82,0.32,138.25,55.08,145.87,0.32,0
HfCrMoVZr,5.4,0.08187358,0.208458002,-6.944,5.260237644,2.999,147.77,234.82,104.25,65.29,51.72,147.77,57.15,151.86,0.33,147.77,56.41,150.12,0.33,147.77,56.78,150.99,0.33,0.01
HfCrNbTaV,4.8,0.084412303,0.096674268,-3.52,9.772594426,3.002,158.84,244.88,115.82,64.53,59.41,158.84,61.46,163.31,0.33,158.84,61.36,163.07,0.33,158.84,61.41,163.19,0.33,0
HfCrNbTiV,5,0.088309334,0.231829075,-6.992,5.07485449,2.978,146.5,217.37,111.06,53.15,53.84,146.5,53.57,143.24,0.34,146.5,53.56,143.23,0.34,146.5,53.56,143.24,0.34,0
HfCrNbWZr,5.2,0.079849119,0.208968751,-6.896,5.449753844,3.059,156.51,243.67,112.92,65.37,60.71,156.51,62.57,165.64,0.32,156.51,62.49,165.45,0.32,156.51,62.53,165.55,0.32,0
HfCrTaTiV,5,0.08925705,0.19680611,-5.968,5.829466101,2.986,149.98,218.03,115.96,51.04,64.67,149.98,59.22,156.99,0.33,149.98,58.43,155.14,0.33,149.98,58.82,156.07,0.33,0.01
HfCrTaWZr,5.2,0.092203253,0.244302054,-7.36,4.8741989,3.064,161.75,246.86,119.2,63.83,70.03,161.75,67.55,177.88,0.32,161.75,67.41,177.56,0.32,161.75,67.48,177.72,0.32,0
HfCrTiWZr,5.4,0.08187358,0.218293546,-6.784,5.597320728,3.047,145.64,215.74,110.6,52.57,65.18,145.64,60.14,158.58,0.32,145.64,59.47,157.04,0.32,145.64,59.8,157.81,0.32,0.01
HfMoNbTaTi,5,0.088309334,0.23754297,-7.12,5.186589355,3.075,161.89,241.13,122.27,59.43,67.79,161.89,64.45,170.69,0.32,161.89,64.18,170.07,0.32,161.89,64.31,170.38,0.32,0
HfMoNbTaZr,5.2,0.072056473,0.173655142,-4.896,7.44584018,3.123,155.87,232.81,117.4,57.7,64.34,155.87,61.69,163.49,0.33,155.87,61.51,163.08,0.33,155.87,61.6,163.29,0.33,0
HfMoNbTiZr,5.4,0.072676758,0.213486012,-5.728,6.553541154,3.112,139.66,201.96,108.52,46.72,59.02,139.66,54.1,143.74,0.33,139.66,53.4,142.08,0.33,139.66,53.75,142.91,0.33,0.01
HfMoNbVZr,5.6,0.04813473,0.18305015,-6.24,6.352051866,3.076,145.57,221.41,107.65,56.88,53.38,145.57,54.78,146.02,0.33,145.57,54.73,145.9,0.33,145.57,54.75,145.96,0.33,0
HfMoTaTiZr,5.2,0.071362822,0.213433348,-6,6.432182673,3.116,144.81,204.74,114.85,44.95,68.1,144.81,58.84,155.46,0.32,144.81,56.46,149.91,0.33,144.81,57.65,152.69,0.32,0.02
HfMoTaWZr,5.4,0.072676758,0.223095447,-5.536,7.041874521,3.094,174.19,268.99,126.8,71.1,74.23,174.19,72.98,192.11,0.32,174.19,72.95,192.03,0.32,174.19,72.96,192.07,0.32,0
HfMoTiWZr,4.8,0.060688877,0.197181683,-1.216,29.86486226,3.081,157.53,236.9,117.84,59.53,68.45,157.53,64.88,171.15,0.32,157.53,64.58,170.44,0.32,157.53,64.73,170.8,0.32,0
HfNbTaTiW,5,0.067287488,0.247976299,-5.168,7.236749752,3.08,169.14,247.57,129.92,58.83,76.62,169.14,69.5,183.39,0.32,169.14,68.35,180.71,0.32,169.14,68.93,182.05,0.32,0.01
HfNbTaWV,5.2,0.059886092,0.222568038,-5.632,7.013075751,3.047,177.53,271.49,130.55,70.47,72.63,177.53,71.77,189.74,0.32,177.53,71.75,189.7,0.32,177.53,71.76,189.72,0.32,0
HfNbTiWV,4.8,0.058890542,0.239189768,-2.88,13.35206077,3.03,161.06,238.74,122.22,58.26,66.86,161.06,63.42,168.18,0.33,161.06,63.13,167.51,0.33,161.06,63.27,167.84,0.33,0
HfNbWVZr,5,0.067287488,0.255854631,-5.248,7.401801893,3.081,153.1,228.48,115.41,56.53,62.41,153.1,60.06,159.33,0.33,153.1,59.92,159,0.33,153.1,59.99,159.17,0.33,0
HfTaTiVZr,5.2,0.049842041,0.227266237,-4.816,8.411386246,3.109,128.69,167.95,109.06,29.45,68.67,128.69,52.98,139.76,0.32,128.69,44.8,120.42,0.34,128.69,48.89,130.19,0.33,0.08